;voto;hoax;link;timestamp
0;17;“Se você enviar para apenas 20 contatos em um minuto... o Brasil inteiro vai desmascarar este Bandido. NÃO quebre essa corrente. Os incautos precisam ser esclarecidos antes que seja tarde demais...”. “Essa é a jornalista Patrícia Campos Mello, que fez matéria contra Bolsonaro na Folha. Petista de carteirinha!!”.;https://www.boatos.org/politica/reporter-patricia-mello-folha-haddad.html;2018-10-24 13:36:10
1;17;Mais um que fará um passeio em Curitiba. Jean Willis tá fora da Câmara Federal já que o TSE validou os votos do prefeito de Maricá RJ. Wellington Quáquá.  Agora é definitivo, o deputado cuspidor, Jean Willis, fica de fora da câmara dos deputados, após a Justiça Eleitoral do Rio de Janeiro validar os votos obtidos pelo deputado Quaquá, cuja apuração estava sub judice. Com a legitimação dos votos do citado deputado retira o mandado de Jean Willis do PSOL. O coeficiente eleitoral favorece o Quaquá da cidade de Maricá RJ. Tchau querida...  Tem Notícia melhor que esta... deixe sua risada Quà Quà Quà Quà Quà Quà. Jean Willis tá fora da Câmara Federal já que o TSE validou os votos do Prefeito de Maricá RJ. Wellington Quáquá.;https://www.boatos.org/politica/jean-wyllys-perde-vaga-quaqua.html;2018-10-24 08:46:08
2;17;Quadrilha tentou sacar cheque de R$ 68 milhões. Disseram que era para campanha do Haddad. Também há denuncia de que as urnas na Bahia estão fraudadas.  Na Bahia, quadrilha tenta sacar um cheque de órgão federal no valor de 68 milhões para campanha de Haddad. Afirmaram também que urnas na Bahia foram fraudadas e que o governador do PT da Bahia pode estar envolvido.;https://www.boatos.org/politica/quadrilha-cheque-r-68-milhoes-haddad.html;2018-10-24 00:05:13
3;17;COMPARTILHEM. GENTEEEEE URGENTE. AS URNAS ESTÃO PROGRAMADAS PARA TRABALHAR EM HORÁRIO DE VERÃO, NOS ESTADOS DE COSTUME, VIRAM QUE MUDARAM O HORÁRIO DE VERÃO? ISSO SIGNIFICA QUE AS URNAS NÃO IRÃO COMPUTAR OS VOTOS APÓS AS 16HORAS. GENTE AJUDEM A PENSAR E PROPAGAR ISTO. TODO CUIDADO É POUCO. ELES SÃO CAPAZES DE TUDO. Ñ VAMOS PERDER 7 MILHÕES DE VOTOS COMO NO PRIMEIRO TURNO.;https://www.boatos.org/politica/urnas-eletronicas-horario-verao.html;2018-10-23 18:13:49
4;17;Acabou de dar agora na Odisseia FM 104.9 que a Brigada Militar de Serafina Corrêa aprendeu 4 urnas eletrônicas no carro de Thiago Feronato, dessas 3 urnas estavam preenchida com voto para o Haddad com pelo menos 81%. Repassem urgente, é um golpe contra o Bolsonaro e um crime contra seus seguidores. #B17;https://www.boatos.org/politica/brigada-militar-urnas-votos-haddad.html;2018-10-23 13:47:14
5;0;“Bom dia, repassar nos grupos, urnas eletrônicas do TRE são apreendidas em carro particular com destino a Autazes no Amazonas!!!!”. “Polícia apreende urnas do TRE que iriam para o Amazonas”. “polícia apreende carro particular transportando urnas para Amazonas #urnasfraudadas”. “ATENÇÃO!!! Polícia do Amazonas apreende urnas eletrônicas em veículos particulares. Isso é muito grave!”.;https://www.boatos.org/politica/urnas-eletronicas-apreendidas-amazonas.html;2018-10-23 08:46:54
6;17;"Olhem que doideira: a Globo é quem transmite as corridas de F1 no Brasil; sabemos que ela se posiciona contra Bolsonaro, mas vai ter de engolir na madrugada de domingo, no grande prêmio do Japão, a inscrição #JB17 em todos os carros do grid. Coincidência? Sim! Os pilotos vão homenagear o companheiro Jules Bianch que faleceu em 2005 e tinha o número 17 no seu carro. O Mito ganha mais uma de graça!";https://www.boatos.org/esporte/globo-corrida-formula-1-jb17.html;2018-10-22 19:48:31
7;17;“Tocaram fogo na loja da Havan do Luciano Hang, é a maior loja do grupo na Br 101 próximo a Joinville SC”. “Daqui até domingo se preparem para o caos que os petistas irão fazer no Brasil, isto é café pequeno. Loja do depósito central, tocaram fogo na Havan em Barra Velha SC”. “Empresário da HAVAN após ter sido citado pela Folha de São Paulo em ter financiado Bolsonaro fato que não foi provado e até o empresário já está nas redes sociais dizendo que vai processar a Folha de São Paulo , coincidentemente um de seus estabelecimentos está sendo consumido por incêndio!”.;https://www.boatos.org/brasil/incendio-lojas-havan-joinville.html;2018-10-22 13:55:01
8;17;Gente, atenção! Estão tentando roubar dados de whatsapp das pessoas para fazer falsa lista do PT. Só hoje recebi 3: uma oferta de creme do Boticário, uma oferta de óculos da Chilli Beans e agora uma petição que imita o site avaaz.org, pedindo assinaturas para impugnar o Bolsonaro. CUIDADO! NÃO CLIQUEM. O site do falso avaaz vem como [site] Alertem o máximo de pessoas que puderem!;https://www.boatos.org/tecnologia/peticao-impugnar-bolsonaro-avaaz-site.html;2018-10-22 09:09:01
9;17;"ESSA PESQUISA SAIU, PARA O MERCADO FINANCEIRO!!! ESSA É A REAL!!! Tracking BTG que acabou de sair para o mercado financeiro: Bolsonaro 77%; Haddad 23%. PS: Votos válidos.  Temos que espalhar ao máximo, pois os institutos de pesquisas comprados vão começar a divulgar as falsas pesquisas onde Haddad em apenas 3 dias já se aproxima de Bolsonaro. Querem manipular as pesquisas para fraudar os resultados. Compartilhem sem dó!";https://www.boatos.org/politica/tracking-btg-bolsonaro-77-haddad-23.html;2018-10-21 21:04:12
10;17;Pt vai simular atentado a Haddad pra gerar comoção nacional três dias antes das eleições!! Compartilhem!!! Mesmo que seja mentira, pelo menos já estamos preparados!!! E se for verdade, eles vão abortar, pq todo mundo já estará sabendo!!! Um alerta importante. Vazou hoje de dentro de um gabinete de um deputado federal do PT e essa informação é sigilosa e foi repassada para nós que o PT está organizando um falso atentado a Haddad três dias antes da eleição. Como assim? O PT vai simular uma tentativa de homicídio a Haddad para levar a sociedade brasileira à comoção nacional. Essa raça imunda é capaz de tudo.  Então, antes que aconteça, você já está alertado sobre o que vai acontecer. Eles vão usar a mentira, a falsidade, o engano pra tentar convencer você que nós somos terroristas e intolerantes. Haddad vai usar a última cartada pra tentar conquistar eleitores usando a comoção nacional. Não acredite no que você vai ouvir da mídia. Não vai haver atentado algum e eles vão mentir para você.;https://www.boatos.org/politica/pt-falso-atentado-haddad-eleicoes.html;2018-10-21 15:43:16
11;17;*URGENTE!!!* O presidiário Lula foi autorizado a dar entrevista dia 27 sábado, depois que acabar o horário eleitoral e um dia antes das eleições do segundo turno.  Fontes confiáveis e dignas viram os textos que o militante está decorando para falar na TV. Ele vai dizer que foi o próprio partido de Bolsonaro que armou seu atentado, dizer que Bolsonaro incita o ódio e a violência, que bolsonaro vai perseguir os pobres e afirmar que vai voltar a presidência se HADDAD for eleito. SERÁ A ÚLTIMA CARTADA NOJENTA, NAZISTA DESSA GENTALHA VERMES VERMELHOS JUNTO DA REDE ESGOTO.  O objetivo da GLOBO, é ficar repercutindo e comentando a entrevista em várias emissoras, inclusive vai haver a interrupção da programação da globo onde vai entrar aquele PLANTÃO URGENTE ao vivo. Tudo isso será na data estratégica, ou seja, dia 27 de outubro, um dia antes das eleições, onde bolsonaro não poderá se defender e nem dar entrevista pois é proibido pelo TSE.  *REPASSEM E AVISE A TODOS PARA QUE NINGUÉM SEJA ENGANADO*;https://www.boatos.org/politica/lula-entrevista-dia-27-eleicoes.html;2018-10-20 22:12:13
12;17;URGENTE: Serviço de inteligência impede que Bolsonaro viaje para São Paulo. O candidato foi informado que ele corria risco de ser morto. Polícia Federal investiga advogados de Adélio, que tentou matar Bolsonaro, por envolvimento com o PCC. Duas pessoas da pensão em que Adelio estava morreram após o atentado. Em video feito na noite de ontem, dia 18 de outubro, Bolsonaro lembra que Adélio era filiado ao PSOL e esclarece aos eleitores que, de acordo com a legislação eleitoral, a partir de agora, se ele for assassinado o terceiro lugar no primeiro turno – Ciro Gomes – disputaria a eleição com Haddad. Ontem o PDT de Ciro e o PT entraram com o pedido de impugnação da candidatura de Bolsonaro – alegando uso de Fake News – para que Haddad e Ciro disputem a eleição.  Sentindo -se ameaçado Bolsonaro foi a sede do Bope e da Polícia Federal pedir apoio. Sabendo que é impossível ganhar nas urnas as facções criminosas – inclusive o PT – querem Bolsonaro fora de qualquer maneira. Semana passada José Dirceu disse em entrevista ao jornal El Pais: “Falta pouco para *tomarmos o poder* e não será por eleição”. Estão querendo tirar Bolsonaro de casa para debate...isso é levá-lo para a morte. Ele precisa ficar em casa até a posse.  Depois eles sabem que se ele for morto o General Mourao assume e o bicho vai pegar. A eleição acabou! Bolsonaro está eleito. Agora é guerra! A vida dele está em risco. Vamos denunciar! Se o Capitão morrer o Brasil vai explodir. Todos atentos. Cuba, Venezuela, PT, PCC... são muitos os bandidos que não querem Bolsonaro presidente. O escudo dele é Deus e o povo. Deus guarde a vida de Bolsonaro e de sua familia. Brasil: vamos lutar pela vida dele! Leia, compartilhe, alertem todos os seus contatos em todas as redes sociais.;https://www.boatos.org/politica/servico-inteligencia-impede-bolsonaro.html;2018-10-20 16:13:15
13;17;“Manuela D’ávila cristã?!?? Leonardo de Oliveira Marques de Sá.Cristã?!?! Incoerência”. “Manuela D’avila se contradiz....É ateu ou é Cristã? Vice do Haddad se contradiz....É ateu ou é Cristã?”. “DESMASCARADA: Para conquistar votos cristãos, Manuela D’Avila MENTE sobre ser religiosa. Veja a mentira da candidata a vice-presidente. Ainda bem que temos registros dela dizendo o contrário”. andidata a Vice-presidente do candidato Fernando Haddad, mentindo sobre “ser cristã”.;https://www.boatos.org/politica/manuela-davila-nao-crista.html;2018-10-20 10:23:10
14;13;"Caixa 2 Bolsonaro. Lista de empresas que apoiam o Bolsonaro e seu caixa 2.   Saiu a lista das empresas envolvidas no escândalo do Caixa 2 da campanha do candidato B17. Ele disse na.maior cara de pau que sabia, ou seja, réu confesso. Segue abaixo;   Lista de empresas que fizeram doação ilegal de campanha a Bolsonaro (Organização Criminosa para prática do crime de Abuso do Poder Econômico) – BOICOTE TOTAL À: [lista] REPASSEM. 1. Hirota Supermercados / Hirota Food Express 2. Gazin 3. Tecnisa 4. Artefacto 5. Centauro / By Tenis / Almax Sports / Nike Store (operador-representante no Brasil) 6. Havan 7. Brinquedos Estrela 8. UPS Transportes 9. Habib’s / Ragazzo / Arabian Bread / Ice Lips / Promilat / Vox Line 10. Bio Ritmo / Smart Fit 11. Grupo GS& Gouvêa de Souza 12. Grupo Guararapes: Riachuelo / Midway Financeira / Transportadora Casa Verde / Confecções Guararapes / Shopping Midway Mall 13. JR Diesel 14. Dudalina 15.Polishop 16. ALE Combustíveis 17. Hemmer 18. Grupo Newcomm: Y&R Grey Brasil / Wunderman / VML / Red Fuse / Ação Premedia e Tecnologia 19. Holding Clube: Banco de Eventos / Rio360 / Samba.pro / Lynx / Cross Networking / The Aubergine Panda 20. Grupo Marisol: Mineral / Pakalolo / Rosa Chá 21. Estácio 22. Óticas Carol / General Optical 23. Ranking dos Políticos / Multilaser / Aluno 10 24. ANAPRE / CIESP Campinas / SOLEPOXY Ind. e Com. de Resinas 25. Raia Drogasil 26. Schneider Eletric 27. Barilla 28. Victor Vicenzzo 29.Dolce Gabbana 30. Sergio K 31. Purina 32. Cinemark 33. Localiza 34. Chilli Pepper Single Hotel 35. Coco Bambu 36. Movement Fitness Equipment 37. Biscoitos Zezé 38. Anjos Colchões 39. Curtume Moderno S.A. 40. IBMEC 41. Grupo Bozano 42. Condor Hipermercados";https://www.boatos.org/politica/lista-empresas-caixa-2-bolsonaro.html;2018-10-19 19:51:20
15;0;Acabei de ganhar um óculos da Chilli Beans, façam ai antes que  acabem as unidades! Ainda dá tempo! Depois me agradece rs. [site];https://www.boatos.org/tecnologia/chilli-beans-oculos-gratis-whatsapp.html;2018-10-19 13:47:46
16;13;“O vídeo é esclarecedor , fale a pena assistir ... Sobre Romeu zema Candidato do governo de Minas . Acusado de estupro em 2012, contra uma criança de 5 anos”. “Romeu Zema (Novo-MG), o candidato milionário ao governo de Minas, tem uma acusação de estupro de uma menor de 5 anos pesadíssima. Encoberta pela polícia mineira e que deve ser reaberta. Naturalmente hoje se diz Bolsonaro e defensor da família, como a maioria dos grandes hipócritas e canalhas que conhecemos bem por aí. Por enquanto a criança não morreu, não é uma nova Ana Lídia nem Araceli, mas com certeza nos tempos sombrios que nos esperam elas irão se multiplicar. Lembrarei de cada um que está contribuindo com isso”.;https://www.boatos.org/politica/romeu-zema-acusado-estupro.html;2018-10-19 08:57:36
17;17; O PT é mesmo um partido de maus carateres. Colocaram um petista com camisa amarela para fingir ser eleitor do Bolsonaro e xingar o Haddad na Missa. Na verdade, é um petista passando por eleitor do Bolsonaro. E Gérson Florindo, Presidente do PT de Ubatuba – SP. Só tem canalhas nesse partido!  Olha o eleitor do Bolsonaro que foi xingar o Haddad na Missa – nota do PT. Na verdade, é um petista passando por eleitor do Bolsonaro.  E Gérson Florindo, Presidente do PT de Ubatuba – SP. Só tem canalhas nesse partido! Não salva um;https://www.boatos.org/politica/gerson-florindo-fingiu-xingou-haddad.html;2018-10-19 00:02:40
18;0;Ei, o Boticário está dando creme para mãos da nova linha Native SPA Karité. Já consegui ganhar o meu. Pegue o seu antes que termine as unidades. Basta acessar;https://www.boatos.org/tecnologia/boticario-nativa-spa-karite-whatsapp.html;2018-10-18 18:29:46
19;17;"“A coisa está feia: Principal assessora de Haddad o abandona em plena campanha de 2° turno: segundo ela ouviu Haddad falar claramente com a presidente do PT pelo celular; logo após retornar da missa no Santuário de Aparecida: disse Haddad “ Gleysi! quero que o Brasil se dane e que esses lideres evangélicos se fodam, eu quero é livrar minha pele, estou nessa para conseguir o foro, e me livrar de Moro, tenho 32 processos e a Policia Federal logo, logo estará à minha porta”.  Assessora também manda um alerta para a segurança do candidato do PSL, para não exporem disse ter ouvido rumores que atentarão contra a vida dele novamente. Não voto nele! e nem mais no Haddad mais as regras democráticas devem serem respeitadas, perguntada como está Haddad? Disse: chega a ser desolador já jogou a toalha depois do resultado do 1° turno com a diferença de 17 Milhões de votos. Ele próprio nos disse que É impossível reverter, mas que precisam manter o otimismo para o desastre do PT não ser maior no Brasil e na região Nordeste. Compartilhem!!!”.";https://www.boatos.org/politica/assessora-haddad-abandona-campanha.html;2018-10-18 14:28:34
20;17;Olá, pessoal! É o Renato Tamaia aqui de São Paulo. Olha só a informação muito importante para ser viralizada nas redes sociais e no WhatsApp. O negócio é o seguinte: no dia da votação agora no segundo turno, no dia 28, se você digitar lá 17 e der voto nulo e não aparecer a fotografia do Bolsonaro e der a foto do Haddad no lugar, não aperta a tecla verde. Não confirme o voto em hipótese alguma. Dirija-se ao mesário e peça a ele para dar o comando 555. Com este comando o seu voto será reiniciado.  Nos estados que tiver segundo turno também para governador você terá que votar novamente no governador e, em seguida, para presidente de novo. Faça isso quantas vezes forem necessários até que os dados do Bolsonaro apareçam claramente para você com fotografia e tudo mais. Não vamos cair na esparrela, na armadilha que o pessoal tá armando aí para fraudar as urnas.  Olha só mais de 7 milhões de votos anulados por causa dessa pegadinha do malando. Então, olho vivo! Preste atenção digitou 17 e deu lá voto nulo. Não confirme. Em último caso, se depois de diversas tentativas, persistir o erro chame a polícia, chame o fiscal de partido, chame o representante da Justiça Eleitoral. Em último caso, se você não conseguir votar de jeito nenhum por causa desse erro, peça e exija a impugnação daquela urna, porque se ela tá fraudando é para beneficiar o lado de lá. Um abraço.;https://www.boatos.org/politica/comando-555-urna-eletronica.html;2018-10-18 08:58:09
21;13;BOLSONARO E O CÂNCER TERMINAL QUE ESTARIA SENDO MANTIDO EM SIGILO HÁ MESES. [...] Há rumores de que Bolsonaro, na verdade, está com câncer terminal no trato digestivo e não está bem de saúde. Fontes próximas acreditam que ele não tem saúde para terminar um possível mandato. Desde o começo do ano, Jair Bolsonaro dá sinais de que não está com a saúde 100% para um paraquedista formado. Não, não me refiro àquelas flexões de cabeça que ele fez. Me refiro aos desmaios, passamentos, passadas de mal. [...] Eis então que surge nas redes sociais um vídeo de Jair Bolsonaro em um culto. Você deve ter se deparado com ele nos últimos dias. Um pastor clama por CURA, ou melhor MILAGRE, enquanto dois obreiros repousam as mãos sobre o ESTÔMAGO de Bolsonaro. Sim, este vídeo que está circulando e estão associando a um prenúncio da facada e a um possível livramento provavelmente é um pedido de oração para a cura da doença por parte da esposa do candidato que é evangélica. A ida ao culto ocorreu no dia 2 de maio. [...] No dia 06 de setembro de 2018, o atentado. A facada que aconteceu justamente no dia em que o candidato que sempre andava de colete a prova de balas, havia esquecido de usar o item de segurança. Lembremos da camisa forjada com sangue e toda a balela criada pelos dois lados. Temos que pensar na inconveniente conveniência deste ataque.  Não esqueçamos também da saúde mental do autor do atentado nem da coletiva de imprensa marcada para as vésperas do primeiro turno mas que acabou nunca acontecendo porque um deputado aliado de Bolsonaro solicitou a suspensão da entrevista e o pedido foi prontamente atendido pela justiça Aliás, perceberam que ninguém fala mais disso?  Não acho que o episódio tenha sido uma fantasia, mas não podemos descartar a possibilidade de ter sido usado para cobrir um problema de saúde maior do candidato. E já que estamos falando de conspirações, mais uma curiosidade: Dona Aparecida, proprietária da pensão que Adélio, o autor da facada, se hospedou antes de cometer o crime, morreu 1 semana após ter prestado depoimento a PF sobre o caso (2 semanas após o atentado). [...] Um outro fato que gerou enorme repercussão foi a mudança de hospital. Todos se lembram que uma equipe do Sírio Libanês estava a postos e foi a primeira a chegar em Minas e tinha inclusive uma UTI aérea para levá-lo a SP. Mas houve uma confusão e com a desculpa de que o Sírio era “hospital de esquerda”, ele e os filhos fizeram questão de que o ex-capitão fosse para o hospital Albert Einstein. Muito que bem, no Einstein, a cirurgia foi chefiada pelo Dr. Antônio Luiz de Macedo, ONCOLOGISTA, um dos maiores especialistas do país em câncer de intestino. O médico é quem acompanha o candidato desde então. [...] Isso tudo pode ser mais uma mera teoria da conspiração, mas me pareceu conter peças que se encaixam perfeitamente. E se houver algum vestígio de verdade nessa história é obrigação não apenas do candidato mas também de seu médico de informar o real diagnóstico à nação. Mentir ou omitir um quadro tão grave num momento tão delicado de nossa história seria um crime contra nossa democracia.;https://www.boatos.org/politica/bolsonaro-cancer-terminal.html;2018-10-17 21:54:43
22;0;VAGAS COM INICIO IMEDIATO NO SAMU Não é necessário ter experiência. Salário inicial até 3438,21. Participe do processo seletivo simplicado: [site].  Oi, to passando para avisar que a *UPA* está com *vagas de emprego* de caráter de *emergência*! Não é necessário ter experiência. Salário inicial até R$ 3.858,35 Participe da entrevista aqui: [site].;https://www.boatos.org/tecnologia/samu-upa-vagas-whatsapp.html;2018-10-17 17:59:34
23;0;As maiores lojas do Brasil se juntaram neste *mês de outubro na campanha contra câncer de mama* e estão distribuindo gratuitamente *camisetas* para apoiar esta causa. Para resgatar a sua entre [site].;https://www.boatos.org/tecnologia/camisetas-outubro-rosa-gratis-whatsapp.html;2018-10-17 13:17:44
24;17;Como é bom esse Twitter, é só ter um pouco de paciência e vasculhar, que vc acha cada coisa! Fernando Haddad 13. Haddad_Fernando. A revolução que acontece na Venezuela, é sem dúvidas uma conquista que deverá ser exemplo para todos os Paises! Parabéns Maduro! Estamos juntos.  20:47 – 13 out 14;https://www.boatos.org/politica/haddad-venezuela-maduro-twitter.html;2018-10-17 09:25:22
25;17;Este é Alex Atala mandando um recado para Bolsonaro e seus eleitores. E este é o seu restaurante, vai comer lá ainda. Mais um lixo da culinária, quem paga imposto não engole mais isso.   Que deprimente este povinho, ter que fazer escrotice pra manter o estágio! Acha que Bolsonaro nos induziria a fazer algo assim???? *equipe de Alex Atala;https://www.boatos.org/entretenimento/alex-atala-gesto-obsceno-bolsonaro.html;2018-10-16 21:49:15
26;17;Este é o maravilhoso poeta que está sempre no programa da Fátima Bernardes ... Ele Fez cordel com tema: eleição/Bolsonaro. NEM O POETA DA GLOBO APOIA O HADDAD!!!  Esse nunca mais vai ser chamado pra programas da Globo.Mas o cordel dele disse tudo...#B17 Bolsonaro  #EleSIM! Repentista nordestino Bráulio Bessa – do Programa da #comunista Fátima Bernardes (#GLOBO) – aceita desafio e faz poesia em apoio ao Jair #BOLSONARO ... Depois desse “desafio” esse famoso repentista nunca mais vai ser convidado a participar do programa da #comunista Fátima Bernardes... #JairBolsonaro_Presidente_PSL17. Vídeo de Bráulio Bessa  CORDEL PARA BOLSONARO. Quem vota no HADDAD vive no mundo da lua, pois se ele ganhar a eleição, continua a falcatrua, vamos ter venda de droga liberada em nossa rua, não é bom para a família, nem pra minha nem pra sua, na ideia do Haddad homem não nasce homem, mulher não nasce mulher, a partir dos seus 6 anos pode ser o que quiser, e pra isso ir pra frente o que ele fez eu sei, tentou lançar nas escolas esse tal de kit gay, veja só que malvadeza, tirar das nossas crianças, inocência e pureza, prá você imaginar o quanto ele é do mau, o seu chefe esta preso num presidio federal, nesse crime organizado, a coisa ta muito feia, as ordens que ele recebe vem de dentro da cadeia, vou dizer o que eu penso, mas digo só pra você em matéria de bandido já ganhou do PCC mas caiu na lava jato e isso não vou ver mais,roubarem nosso dinheiro através da Petrobras, da Vale, JBS, o povo não aguenta mais, NÃO QUERO QUE ISSO VOLTE, pelo bem da nação, POR ISSO QUE O MEU VOTO É MESMO PRO CAPITÃO Um homem honrado, que nunca foi acusado de pegar nenhum tostão. Aconselho a todo mundo a votar no 17 para que a vida seja mais bela, e consigamos sair de vez, do horror da Venezuela, Eu não quero no poder um amigo do MADURO, os bonitos ficam ricos, e o povo fica DURO. Por isso a partir de agora eu convoco a toda Gente, VOTE MESMO BOLSONARO COMO NOSSO PRESIDENTE.;https://www.boatos.org/entretenimento/braulio-bessa-cordel-bolsonaro-haddad.html;2018-10-16 17:51:33
27;17;Camaradas, estamos recebendo muitas mensagens de companheiros preocupados com uma possível vitória de Bolsonaro, alegando que mesmo as manipulações nas urnas e falsas acusações de nazismo não serão suficientes para detê-lo. Então em virtude disso vamos explicar como funciona essa questão. As urnas são programadas com os candidatos. Este ano não manipulamos os números, ou seja, não fazemos votos de um candidato ir para o outro. O que fazemos é deixar partes do código com erros propositais para as urnas de localidades onde Bolsonaro tem mais votos terem problemas e então terem que ser substituídas, anulando todos os votos daquela seção. Mas isso é o de menos. Depois, fizemos uma exaustiva campanha para colocar, principalmente onde Bolsonaro é mais forte, diversos mesários comprometidos com a URSAL. Permitimos que se use camisas dos candidatos. Com isso, quando vemos alguém com camisa do Bolsonaro, roupa verde e amarela ou alguém que pareça votar no Bolsonaro, fazemos a biometria dar problema, mandamos ele assinar na lista e votar, mas sem que ele saiba não contabilizamos seus votos. Após isso, na hora da contagem, temos agentes da URSAL em diversos locais do Brasil para tentar dar um fim nos BU que tenham votos significativos para o candidato da direita. Depois, as informações dos boletins de urna são enviadas para uma empresa venezuelana ligada ao Maduro e a Sebin, e ela organiza os votos e envia para o TSE (é um serviço terceirizado), por isso a demora na divulgação da eleição presidencial, é o tempo em que enviamos para a Venezuela os votos e o tempo que ela manda de volta para o TSE. É essa a parte crucial do processo.  Nessa contagem, vamos pausando o envio dos dados e eliminando votos do Bolsonaro, até que o Haddad consiga vencer. Essa terceirização impede qualquer suspeita de fraude pois a manipulação não se dá nos servidores do TSE, os dados já são enviados para lá adulterados. Então fiquem tranquilos camaradas, estamos nas mãos do Maduro;https://www.boatos.org/politica/ursal-fraudar-urnas-eletronicas-eleicoes.html;2018-10-16 00:48:49
28;17;"Uma pequena parte do Livro do Haddad. Ou as pessoas não fazem ideia do que defendem, ou de fato apoiam esse pensamento. Pequeno trecho! Essa semana tem mais!  Nesse livro, o professor Haddad explica a técnica de dominação das massas pelo marxismo. Aplicação sistemática do decálogo de Lenin. Olha isso aí, livro do Haddad. Cita o decálogo de Lênin. Leiam é o fim da picada. E estes porcarias de esquerda sonham com isso. O fim da família, da pátria, da religião Não entendo como o povo Brasileiro, um dos povos mais religiosos do mundo, entrou nessa falácia de pt Techo do livro “Em Defesa do Socialismo” do doutor e candidato do PT à presidencia, Fernando Haddad. OS DEZ MANDAMENTOS DO COMUNISMO “DECÁLOGO DE LÊNIN” 1.Corrompa a juventude e dê-lhe liberdade sexual; 2.Infiltre e depois controle todos os veículos de comunicação de massa; 3.Divida a população em grupos antagônicos, incitando-os a discussões sobre assuntos sociais; 4.Fale sempre sobre Democracia e em Estado de Direito, mas, tão logo haja oportunidade, assuma o Poder sem nenhum escrúpulo; 5.Colabore para o esbanjamento do dinheiro público;6.Coloque em descrédito a imagem do País, especialmente no exterior e provoque o pânico e o desassossego na população por meio da inflação;  7.Promova greves, mesmo ilegais, nas indústrias vitais do País; 8.Promova distúrbios e contribua para que as autoridades constituídas não as coíbam;  9.Contribua para a derrocada dos valores morais, da honestidade e da crença nas promessas dos governantes. Nossos parlamentares infiltrados nos partidos democráticos devem acusar os não-comunistas, obrigando-os, sem pena de expô-los ao ridículo, a votar somente no que for de interesse da causa socialista; 10.Procure catalogar todos aqueles que possuam armas de fogo, para que elas sejam confiscadas no momento oportuno, tornando impossível qualquer resistência à causa...";https://www.boatos.org/politica/livro-haddad-cita-decalogo-lenin.html;2018-10-15 21:19:24
29;13;Meu Deus!!! Onde isso vai parar??? Até a fé é moeda de troca!!! NOSSA SENHORA APARECIDA PODE DEIXAR DE SER A PADROEIRA DO BRASIL. Projeto de Lei 2623/07 da Câmara dos Deputados pede a retirada do título de “Padroeira do Brasil”. O projeto é do deputado Victorio Galli e foi assinado também pelo Deputado Jair Bolsonaro e seu filho Eduardo Bolsonaro. O bispo da igreja universal Edir Macedo fez um pedido para que Bolsonaro sancione este projeto já em 2019, como moeda de troca para oferecer apoio à Bolsonaro. O Bispo Macedo, dono da Record, quer implantar também o ensino evangélico a todas as crianças, a partir da creche, em janeiro de 2020. Link oficial e integra do projeto diretamente no site da Câmara dos Deputados abaixo: http://www2.camara.leg.br/camaranoticias/noticias/EDUCACAO-E-CULTURA/118715-PROJETO-TORNA-NOSSA-SENHORA-PADROEIRA-APENAS-DOS-CATOLICOS.html  Encontro de Bolsonaro com o Bispo Edir Macedo gera polêmica, ao sugerir troca da imagem da Padroeira do Brasil. A discussão da proposta de substituição da imagem de Nossa Senhora Aparecida gerou inquietação entre os eleitores de Bolsonaro. Agora passou do limite, diz eleitor de Bolsonaro. A crítica Renata Leal, ressalta: “acredito que Jair tomará essa postura, não somente pelo tom de pele da padroeira, e sim para fazer mudança em todos os cenários”. Edir Macedo por sua vez, sugere a substituição alegando que a Padroeira foi descoberta no fundo do rio, devido ao Vale do Paraíba ser o berço do Candomblé no Brasil;https://www.boatos.org/religiao/edir-macedo-bolsonaro-padroeira-brasil.html;2018-10-15 16:39:32
30;17;“Conheçam a futura primeira-dama do Brasil, Michele Bolsonaro! Professora, doutoranda pela USP e fala 3 línguas oficiais, além da língua dos sinais! Simples como o marido , orgulho para as mulheres desse país”. Conheça a futura primeira dama Michele Bolsonaro, mandando um recado para o nosso Brasil! “Bom dia a todos! Eu tenho visto várias postagens em todos os cantos, dizendo que não vamos eleger fascistas e nem torturadores. Bom, fascismo, pra mim, e tortura, é não ter hospital e leitos. Fascismo, pra mim, e tortura, é não ter escolas e um nível de educação decente. Tortura e fascismo, pra mim, é não ter segurança, não poder sair à noite. Tortura e fascismo, pra mim, é ver um bandido estuprar e matar e responder em liberdade [...]”.;https://www.boatos.org/politica/michelle-bolsonaro-professora-fascismo.html;2018-10-15 12:42:45
31;17;“Para implantar o socialismo é preciso primeiro acabar com o tabu do incesto”. (Fernando Haddad). Se você quiser constatar a veracidade dessa informação basta ler o livro. Aliás eu vejo um fio de esperança para o Brasil quando as pessoas começam a se informar através dos livros. Bomba! Livro de Haddad defende sexo entre pais e filhos. Estou lendo um livrinho do Haddad, onde ele defende a tese encantadora de que para implantar o socialismo é preciso derrubar primeiro o “tabu do incesto”. Kit gay é fichinha. O homem quer que os meninos comam suas mães. Em Defesa do Socialismo.;https://www.boatos.org/politica/livro-haddad-defende-incesto-socialismo.html;2018-10-14 23:21:37
32;17;ALUNOS E PROFESSORES DE UNIVERSIDADES DE MINAS GERAIS FAZEM PROTESTOS CONTRA BOLSONARO...  OLHA A QUALIDADE DOS FUTUROS PROFISSIONAIS !;https://www.boatos.org/politica/alunos-professores-mg-nus-bolsonaro.html;2018-10-14 17:04:07
33;17;Trabalhei na Patek Phillipe. Esse é o valor mesmo. Não se assuste com esse defensor dos pobres e oprimidos. Ateu rico é outra coisa: chega até a agradecer a “Deus”.  450 MIL REAIS!!! Haddad ?? Você comprou esse relógio de R$ 450.000 graças aos seus trabalhos de universidade enaltecendo o Comunismo russo ? Ou o Socialismo Cubano ??? Ambos devem ter lhe dado muito dinheiro !!!! Você tem medo de falar sobre o assunto ??? Seu hipócrita e vigarista .... ou devo chamar de outro nome quem defende Pedofilia, Incesto, roubos e outros crimes ???;https://www.boatos.org/politica/relogio-fernando-haddad-patek-phillippe.html;2018-10-14 11:36:32
34;17;Coitadinho do Haddad, pobre, humilde, relógio de meio milhão de reais e carrinho de mais de 02 milhão de reais...Esse sente na pele o que é ser pobre... Portanto, vai salvar os pobres e o Brasil da CORRUPÇÃO, junto com Sarney, Collor, Renan Calheiros e muitos outros “GOLPISTAS” e CORRUPTOS.... Rsrsrsrsrs.... Kkkkkkkk  Haddad Melancia!!!! O COMUNISTA que anda de FERRARI...   Gente esse candidato tão humilde foi em sua simples Ferrari fazer uma entrevista. Kkkkkk acorda povo, isso pq, ele ainda não é presidente. E se depender de mim nunca será!!!!!  Haddad chegando no aeroporto de Congonhas na sua Ferrari de R$ 1.800.000 ! É aquela ditado né... Capitalismo pra mim, socialismo pra vcs !!;https://www.boatos.org/politica/fernando-haddad-ferrari-amarela.html;2018-10-13 23:51:45
35;17;"Tracking BTG que acabou de sair para o mercado financeiro: Bolsonaro 63%; Haddad 37%. PS: Votos válidos. Temos que espalhar ao máximo, pois os institutos de pesquisas comprados vão começar a divulgar as falsas pesquisas onde Haddad em apenas 3 dias já se aproxima de Bolsonaro. Querem manipular as pesquisas para fraudar os resultados. Estão querendo barrar a apuração e mostrar só o resultado, adivinhem quem eles querem eleger? Compartilhem sem dó!";https://www.boatos.org/politica/tracking-btg-bolsonaro-63-haddad-37.html;2018-10-13 17:46:05
36;17;Roberto Carlos Manifesta Publicamente seu Apoio a Jair Messias Bolsonaro: O Brasil está um caos, não podemos permitir que o PT volte ao poder, isso seria um grande dano ao nosso País já tão sofrido, manchado pela violência e pela corrupção, que está acabando com o futuro de nossas crianças e de nossos jovens, afirmou o Rei na manhã dessa segunda-feira.;https://www.boatos.org/entretenimento/roberto-carlos-apoia-bolsonaro.html;2018-10-13 00:18:00
37;17;Olhem o que diz o médico que operou Bolsonaro: compartilhando: “Como médico e como cristão condoído pelo sofrimento de Jair Messias Bolsonaro gostaria de esclarecer alguns pontos que foram esquecidos nestes últimos dias. Há um mês Jair sofreu um grave ferimento por arma branca que custou-lhe uma severa hemorragia interna, contaminação peritoneal com fezes devido lesão de seus intestinos delgado e grosso e consequente peritonite fecal. Foi realizada uma colostomia temporária que aguarda alguns poucos meses para ser fechada. No seu pós-operatório imediato teve uma deiscência de sutura bloqueada com oclusão intestinal. Foi novamente operado. Agora se recupera graças aos seus excelentes profissionais e ao bom Deus.  Neste período tem sido vitima de impropérios e acusações tais como: o ferimento não teve gravidade, não compareceu a debates com atestado médico falso, amarelou entre outros adjetivos. Qualquer trabalhador afastado de suas atividades pelo SUS por tais lesões gozaria de afastamento de suas funções por dois ou três meses. Bolsonaro completa agora o seu primeiro mês do trauma, ainda não completou um mês de sua última cirurgia. Para esclarecer ao leitor leigo, seu estado geral ainda é muito precário o que pode ser visto na sua última entrevista em seu domicílio. A colostomia que é uma saída artificial de gases e fezes em uma bolsa plástica é muito inconveniente. Fezes e gases saem independente da vontade o paciente. Os gases fazem ruídos altos, audíveis no ambiente que está o paciente e as fezes, exalam um odor desagradável que pode ser sentido por quem está próximo. O constrangimento de um colostomisado é muito grande. Imaginem num ambiente como os Estúdios da Globo e com um público de milhões de expectadores. Acredito que ninguém gostaria de se expor desta maneira. Acho injusto chama-lo de covarde, que correu do debate, que amarelou, que usou atestado frio, etc. etc. Ignorância extrema e falta de caridade cristã. Fico revoltado com tanta sujeira. Por favor respeitem um ser humano independente de suas convicções políticas.” João Batista Marchesini, CRM/Pr.1551.;https://www.boatos.org/politica/medico-bolsonaro-texto-defesa.html;2018-10-12 20:19:54
38;17;O PT está fazendo uma carreata em Recife, dizendo que é de Bolsonaro e distribuindo capim para os nordestinos. Dá pra jogar mais sujo?! Se você enviar para apenas 20 contatos em um minuto... o Brasil inteiro vai desmascarar este bandido e pau mandado Haddad. NÃO quebre essa corrente. Os incautos precisam ser esclarecidos antes que seja tarde demais...  URGENTE e GRAVE! Um monte de PTistas disfarçados de Bolsonaristas estão distribuindo capim a nordestinos em São Paulo! DIA 28 VAMOS ACABAR COM ESSA VERGONHA. FORA COMUNISTAS VAZA DO BRASIL PT NUNCA MAIS..;https://www.boatos.org/politica/petistas-capim-carreata-falsa-bolsonaro.html;2018-10-12 13:57:52
39;17;Somos todos PT  Olha como age o PT....Vamos virilizar palavras de ódio contra os nordestinos,com perfil de apoiadores de bolsonaro, temos que vencer custe o que custar, temos que colocar o Nordeste contra o restante do Pais. #SOMOSTODOSPT# vencer ou morrer. Lutar pela democracia dilma.com.br. Fábio todo PT. A guerra começou – vamos a luta – tamo junto. dilma.com.br;https://www.boatos.org/politica/pt-militantes-odio-nordestinos-bolsonaro.html;2018-10-12 09:27:21
40;17;"ATENÇÃO: Whatsapp falso do Flávio do Bolsonaro está sendo compartilhado para espionar e divulgar grupos. Isso é estratégia petista para se infiltrar! Quem adicionou o número, bloqueie IMEDIATAMENTE  *URGENTE*_TEM UM SUPOSTO NÚMERO RODANDO AÍ QUE MUITOS FALAM QUE É DO FLÁVIO BOLSONARO, MAS NÃO É VERDADE, SE TRATA DE UM GOLPE DO PESSOAL DO PT PARA SE INFILTRAR NOS GRUPOS DA DIREITA, NÃO ADICIONEM, E SE ADICIONARAM, REMOVA_!!! REPASSEM ESSE ALERTA Atenção ....está circulando aí um pedido para que adicione Flávio Bolsonaro nos seus  contatos . Não faça isso pois é fake;  é um hacker que está tentando pegar dados de celular.  Passe para quem você puder. Isso foi checado. Eu havia entrado , já bloqueei como fake, denunciei ... CUIDADO PESSOAL QUEM RECEBER ESTE CONTATO PELO WHATSAPP. ........... NÃO ,NÃO SALVEM!!!!!!!!!! POR QUE É DE UMA QUADRILHA BANDIDOS ....POIS ELES ESTÃO USANDO O NOME DO FLÁVIO BOLSONARO SE PASSANDO POR FLÁVIO BOLSONARO..";https://www.boatos.org/tecnologia/whatsapp-falso-flavio-bolsonaro-hacker.html;2018-10-11 18:02:15
41;17;“Gente pelo amor de Deus, da família e do Brasil escutem o que o Cabo Daciolo falou. É coisa serissima”. “Mensagem de Cabo Darciolo ao cristãos e principalmente aos evangélicos! Muito coerente! Ganhou meu respeito!”;https://www.boatos.org/politica/cabo-daciolo-bolsonaro-esquerda.html;2018-10-11 13:30:27
42;17;*Lulinha*, matrix de delinquente, *filho* do ex presidente *Lula*, maior *ladrão* da história do Brasil, saindo do hotel em Dubai, com a sua Ferrari, *banhada a ouro*, adquirida às custas do sacrifício do povo brasileiro. Espalhe esse vídeo;https://www.boatos.org/politica/lulinha-ferrari-ouro-hotel-dubai.html;2018-10-11 09:15:51
43;0;Ele tem leucemia A família não está pedindo nada Só que passe bastante Zap O Zap contribui com uma quantia cada mensagem que é enviada Para o tratamento dele. A cirurgía custa R$ 18.000,00. Deve ser feita o quanto antes. Ela tem pouco tempo de vida. Não pode esperar pelo SUS. O Whatsapp vai pagar R$ 1,00 cada vez que a MSG fôr repassada. Vamos salvar a vida dessa criança!;https://www.boatos.org/tecnologia/bebe-leucemia-r-1-whatsapp.html;2018-10-10 21:51:10
44;17;TSE informa: 7,2 milhões de votos anulados pelas urnas! A diferença de votos que levaria à vitória de Bolsonaro no primeiro turno foi de menos de 2 milhões. O TSE tem obrigação de esclarecer os motivos que levaram à anulação de mais de 7,2 milhões de votos que representam 6,2% do total. A anulação só pode acontecer em voto de papel, porque permite rasuras ou ambiguidade. Se você enviar para apenas 20 contatos em um minuto, o Brasil inteiro vai desmascarar este Bandido. NÃO quebre essa corrente. Os incautos precisam ser esclarecidos antes que seja tarde demais...;https://www.boatos.org/politica/tse-anulou-7-2-milhoes-de-votos.html;2018-10-10 16:08:02
45;17;“Reta final de campanha e eu quero compartilhar duas verdadeiras atrocidades que estão inseridas no programa de governo do PT. São elas: a poupança fraterna e a moradia social. A poupança fraterna, se você digitar no Google agora “poupança fraterna”, vai cair direto no site da Câmara dos Deputados lá em Brasília. A proposta desse projeto é, segundo eles, acabar com a pobreza no Brasil e visa limitar, durante sete anos, o consumo individual de cada brasileiro por mês a R$700. Toda renda familiar ou individual que passar de R$700 por pessoa, será confiscado por uma poupança fraterna durante sete anos.  Esse dinheiro, depois, será, em tese, devolvido em 14 anos com metade dos juros da poupança. Agora, pense bem, uma família com pai, mãe e filho, com três pessoas com uma renda mensal de R$3600 por mês. Essa família poderá gastar para seu sustento R$2100. O que passar disso (R$1500), é confiscado para essa poupança. O PT só não conseguiu aprovar esse projeto, em 2005, porque eclodiu o mensalão e eles perderam a base comprada que eles tinham no Congresso. Agora, pense bem, quem fez uma vez, vai tentar fazer de novo. Eles querem tomar o seu dinheiro. A segunda maldade é a chamada moradia social. O nome é bonito, mas isso é um ninho de serpente. Isso não é uma coisa apenas de ideia e eu já vi isso acontecer na Venezuela. A proposta da moradia social é acabar com a crise, a falta de moradia. E como funciona? Vem os assistentes sociais do governo, aliados a movimentos, como o movimento dos sem teto, de casa em casa, levantando quantas pessoas moram naquela casa.  Então, vamos dizer que em uma casa morem o pai, a mãe, um filho e uma filha, numa casa de três quartos. Quando eles vêm, eles determinam então que o pai e a mãe precisam de um quarto, os filhos precisam de outro quarto e que, naquela moradia, está sobrando um quarto. E ela é transformado numa moradia social. E esse movimento, então, determina quem vai morar naquele quarto. Veja, hoje você está aí assustado com o movimento dos sem teto invadindo prédios vazios. Amanhã, você corre o risco de acordar com um sem teto morando dentro da sua casa. Alguém que você não sabe qual é a cultura, qual é o valor, quais são os princípios e, tudo isso, apoiado por um governo petista”.;https://www.boatos.org/politica/poupanca-fraterna-moradia-social-governo.html;2018-10-10 12:51:50
46;0;Enquete ONLINE para presidência Bolsonaro e Haddad decidirão a eleição no 2o turno, Vote no melhor presidente. Acesse [site].  2o Turno: você foi selecionado para participar da pesquisa presidencial de 2oturno do Ibope, responda no link a seguir: [site].  Oi, o Datafolha lançou a nova pesquisa eleitoral de 2o turno para presidente, eu ja votei em quem prefiro que ganhe. *Faça sua parte aqui:* Sua opinião é importante para o Brasil!;https://www.boatos.org/tecnologia/pesquisa-2o-turno-ibope-datafolha-whatsapp.html;2018-10-10 08:45:18
47;13;Gostei da proposta do Bolsonaro de cobrar 20% de imposto do salário mínimo. Ele volta para 794 reais em janeiro. Massa!  Quem ganha salário mínimo, também vai pagar imposto de renda...  Bolsonaro quer cobrar imposto de renda dos pobres. Ele quer cobrar R$190 MENSAIS de quem ganha salario minimo.   Plano para o Imposto de renda de Bolsonaro. Até quem ganha salário mínimo vai pagar. Se vc ganha mais de 15.000 vai ficar bom.;https://www.boatos.org/politica/bolsonaro-imposto-renda-salario-minimo.html;2018-10-09 12:06:24
48;17;Olha a fraude. 777 votos na urna e 9909 votos pro haddad. . Compartilhem urgente.  Alguém me explica oque aconteceu nesse extrato eleitoral???? 9909 votos pra Haddad só que só tem 777 eleitores????? Sinto cheiro de fraude  Alguém pode me explicar como em uma seção com 477 votos apurados o Bolsonaro teve 0 votos e o Haddad teve 9909 votos? Não teve fraude, viu amiguinho?! Repassando: BOLETIM DE URNA: DE 777 APTOS A VOTAR EM 01 URNA O HADDAD TEVE 9909 VOTOS E BOLSONARO NENHUM VOTO. UM ABSURDO.  URNA COM 777 ELEITOTES TEM 9909 VOTOS PRO HADDAD! COMO PODE? #FRAUDENAO;https://www.boatos.org/politica/haddad-9909-votos-boletim-urna.html;2018-10-08 18:08:15
49;17;As pessoas estão muito individualistas e egoístas, eles não pensam como um todo, eles não conseguem ter uma visão panorâmica. Porque eles são pessoas que recebem salários, são pessoas que já estão uma segurança, só que não existe segurança num país comunista. Porque vai faltar para todo mundo daqui a pouco, começa a faltar para pensão, pra aposentado, por que quem sustenta o país é indústria, é comércio, é esse povo que sustenta, são os impostos né desse povo que gira dinheiro. E essas pessoas estão saindo fora muita gente já quebrou [...]  Aí ficam discutindo que o presidente é homofóbico, que ele é isso, é aquilo. Caraca, eles tem que discutir desemprego, eles tem que discutir novas políticas, eles tem que discutir coisas muito sérias. Você acha que Bolsonaro ganhando vai interferir em quem você deitou deixa de deitar, [...] Eu não consigo nem discutir isso o negócio é muito mais sério do que as pessoas pensam. [...] Eu vi o Haddad falando que se ele for eleito quem tá em prol da presidência não pode ir contra a presidência, ou seja, não tem isso, ele exonera todo mundo, ou seja isso é democracia? Eles são completamente titular daquela cartilha de Lênin, seguem toda ela, são dez mandamentos, entendeu? É a promiscuidade sexual, tudo isso faz parte, dessa coisa de ficar dividido em grupos pra ficar todo mundo brigando, é isso que ele fez com o país, dividiu todo mundo. As pessoas não são mais brasileiras elas são partidárias. Então eu tô vendo uma coisa muito grave, Se Bolsonaro não ganhar no primeiro turno, eu acredito até nas urnas serem burladas, porque eu lembro que quando Aécio tava ganhando, do nada a Dilma virou [...] Então assim, eu não tenho muita crença mais, se a gente não mudar como esse cara, que eles não conseguem apontar o cara como corrupto, como ladrão, aí eles tentam apontar pra outras coisas ridículas né que não tem nada a ver. Se o cara educa o filho dele, se daria porrada se fosse viado, problema dele. Eu pessoalmente, eu também não queria que minhas filhas fossem sapata, desculpa. [...] A gente teria que botar um cara de extrema-direita para jogar esses corruptos tudo na lama entendeu.;https://www.boatos.org/entretenimento/luana-piovani-audio-bolsonaro-comunismo.html;2018-10-08 13:53:53
50;17;Muitos casos de pessoas denunciando as urnas! Pessoas que tentaram votar e apareceu que já tinha “ votado “ outros que apertavam o número 1 e já aparecia “ Haddad “! Denunciem!!  Olha só a ação do mal contra o bem !!! A pessoa digita somente o número 1, já aparece o número 13 na tela da urna!!! Sangue de Jesus tem poder, divulguem ao máximo essa falcatrua!;https://www.boatos.org/politica/urna-eletronica-voto-haddad-1-digitado.html;2018-10-07 18:30:54
51;17;*ELEITORA DO PT DÁ TAPA NA AEROMOÇA POR CONTA DOS PASSAGEIROS CANTAREM A MÚSICA DO MITO* Passageira Petista fica indignada porque os passageiros estavam cantando música do Bolsonaro. Chama a comissária de bordo e pede que ela proíba esse tipo de manifestação. A comissária de bordo se nega a atender, às duas batem boca e a passageira dá um tapa na comissária. O comandante se recusa a decolar com a passageira a bordo e a polícia é acionada...;https://www.boatos.org/politica/passageira-petista-bolsonaro-expulsa-voo.html;2018-10-07 15:40:08
52;17;ATENÇÃO!!!!! O TSE Quer Acabar Com a Campanha do Bolsonaro, ou até mesmo ter sua possível Vitória Anulada. Vou explicar o Golpe do TSE: de uma Hora pra outra Liberaram o uso de camisa de candidato, sendo que a maioria é Bolsonaro, porém existe uma Ressalva que diz não poder haver aglomeração de Pessoas com camisas de Candidato,para não caracterizar Boca de urna, aí sabe o que vai acontecer? Quando tiver três ou quatro com Camisa do Bolsonaro na Fila, vai sair o Presidente da Seção que poder ser um Esquerdista, chamar a Polícia e os acusar de fazer Boca de Urna, com isso os Votos dos trouxas São anulados na hora, ou seja vocês serão impedidos de votar, acordem não vão com camisa de Bolsonaro, nem com Camisa do Brasil, vão No anonimato não estrague uma eleição !! Perderemos no Primeiro turno por Ignorância, é isso que eles querem queimar o Bolsonaro, e fazer ele perder Milhares de votos! Repassem Compartilhem;https://www.boatos.org/politica/tse-golpe-bolsonaro-camisa.html;2018-10-07 13:09:04
53;17;NOTA OFICIAL : Pessoal aqui quem lhes fala é o Eduardo Bolsonaro, candidato a deputado federal. Este é um recadinho muito rápido. Peço a todos que compartilhem com o máximo de pessoas e grupos! Compartilhem especialmente em grupos! Em todos possíveis contatos e nas mídias sociais. Amanhã dia 07/10 dia de eleição ! Não compareça a sua seção com camiseta de apoio ao Jair Bolsonaro. Pessoal, em todos estes anos de eleição, “nunca foi admitido este tipo de manifestação”, mesmo silenciosa, é considerado boca de urna, e pode ser considerado CRIME ! Está muito estranho está “historinha de poder ir votar com a camiseta do candidato”. Isto está nós cheirando golpe, para anular o voto de vocês ! Então amanhã “NÃO COMPAREÇAM COM CAMISETA” em apoio ao candidato JAIR BOLSONARO, vamos ir de amarelo, camiseta do Brasil, mas por favor, “vamos desconfiar de tudo”! Isso está nos cheirando a golpe no TSE contra a Vitória em primeiro turno de Bolsonaro. Eles podem não anular 100% dos votos, mas se eles anularem 15% já perdemos em primeiro turno ok! Portanto deixemos para usar as Camisas de Apoio ao BOLSONARO após as 17 e em Celebração, com Fé e Esperança de um Amanhã Melhor, para Todas Nossas Amadas Famílias e Nossa PÁTRIA AMADA BRASÍL!!! AMANHÃ NA URNA SEREMOS UM!!! SEREMOS 17 !!! Brasil Acima de Tudo!!! DEUS ACIMA DE TODOS!!!;https://www.boatos.org/politica/eduardo-bolsonaro-camiseta-bolsonaro.html;2018-10-07 10:59:09